itemset	rule	hypothesis	conclusion	frequency	confidence	lift	interest	ruleID
(frozenset({296, 593, 356, 2959}), 2571)	[296, 593, 356, 2959] -->2571	frozenset({296, 593, 356, 2959})	2571	0.00010283833813245579	0.9411764705882353	91.52	0.9410736322501029	1
(frozenset({356, 296, 2959, 593, 318}), 2571)	[356, 296, 2959, 593, 318] -->2571	frozenset({356, 296, 2959, 593, 318})	2571	0.00010283833813245579	0.9285714285714286	90.2942857142857	0.9284685902332962	2
(frozenset({296, 356, 2959}), 2571)	[296, 356, 2959] -->2571	frozenset({296, 356, 2959})	2571	0.00010283833813245579	0.9090909090909091	88.4	0.9089880707527767	3
(frozenset({296, 2571, 2959}), 356)	[296, 2571, 2959] -->356	frozenset({296, 2571, 2959})	356	0.0015425750719868367	0.9090909090909091	5.8933333333333335	0.9075483340189222	4
(frozenset({593, 356, 2959}), 2571)	[593, 356, 2959] -->2571	frozenset({593, 356, 2959})	2571	0.00010283833813245579	0.9	87.516	0.8998971616618676	5
(frozenset({296, 593, 2571, 2959}), 356)	[296, 593, 2571, 2959] -->356	frozenset({296, 593, 2571, 2959})	356	0.0015425750719868367	0.8888888888888888	5.76237037037037	0.887346313816902	6
(frozenset({593, 2571, 356, 2959}), 296)	[593, 2571, 356, 2959] -->296	frozenset({593, 2571, 356, 2959})	296	0.00195392842451666	0.8888888888888888	4.549239766081871	0.8869349604643721	7
(frozenset({296, 2571, 318, 2959}), 356)	[296, 2571, 318, 2959] -->356	frozenset({296, 2571, 318, 2959})	356	0.0015425750719868367	0.8823529411764706	5.72	0.8808103661044837	8
(frozenset({296, 356, 318, 2959}), 2571)	[296, 356, 318, 2959] -->2571	frozenset({296, 356, 318, 2959})	2571	0.00010283833813245579	0.8823529411764706	85.8	0.8822501028383382	9
(frozenset({296, 2571, 318, 2959}), 593)	[296, 2571, 318, 2959] -->593	frozenset({296, 2571, 318, 2959})	593	0.0007198683669271905	0.8823529411764706	12.257142857142856	0.8816330728095434	10
(frozenset({593, 356, 318, 2959}), 2571)	[593, 356, 318, 2959] -->2571	frozenset({593, 356, 318, 2959})	2571	0.00010283833813245579	0.8823529411764706	85.8	0.8822501028383382	11
(frozenset({296, 2571, 318}), 593)	[296, 2571, 318] -->593	frozenset({296, 2571, 318})	593	0.0007198683669271905	0.8695652173913043	12.07950310559006	0.8688453490243772	12
(frozenset({296, 318, 2959}), 593)	[296, 318, 2959] -->593	frozenset({296, 318, 2959})	593	0.0007198683669271905	0.8695652173913043	12.07950310559006	0.8688453490243772	13
(frozenset({296, 593, 2959}), 318)	[296, 593, 2959] -->318	frozenset({296, 593, 2959})	318	0.0008227067050596463	0.8695652173913043	10.569565217391302	0.8687425106862446	14
(frozenset({356, 296, 2571, 2959, 318}), 593)	[356, 296, 2571, 2959, 318] -->593	frozenset({356, 296, 2571, 2959, 318})	593	0.0007198683669271905	0.8666666666666667	12.039238095238096	0.8659467982997395	15
(frozenset({296, 2571, 2959, 593, 318}), 356)	[296, 2571, 2959, 593, 318] -->356	frozenset({296, 2571, 2959, 593, 318})	356	0.0015425750719868367	0.8666666666666667	5.618311111111111	0.8651240915946798	16
(frozenset({356, 2571, 2959, 593, 318}), 296)	[356, 2571, 2959, 593, 318] -->296	frozenset({356, 2571, 2959, 593, 318})	296	0.00195392842451666	0.8666666666666667	4.4355087719298245	0.86471273824215	17
(frozenset({593, 2959}), 318)	[593, 2959] -->318	frozenset({593, 2959})	318	0.0008227067050596463	0.8620689655172413	10.478448275862068	0.8612462588121816	18
(frozenset({356, 2959}), 2571)	[356, 2959] -->2571	frozenset({356, 2959})	2571	0.00010283833813245579	0.8571428571428571	83.34857142857142	0.8570400188047247	19
(frozenset({593, 356, 2959}), 296)	[593, 356, 2959] -->296	frozenset({593, 356, 2959})	296	0.00195392842451666	0.85	4.350210526315789	0.8480460715754833	20
(frozenset({593, 356, 2959}), 318)	[593, 356, 2959] -->318	frozenset({593, 356, 2959})	318	0.0008227067050596463	0.85	10.33175	0.8491772932949403	21
(frozenset({296, 318}), 593)	[296, 318] -->593	frozenset({296, 318})	593	0.0007198683669271905	0.84375	11.720892857142857	0.8430301316330728	22
(frozenset({296, 2571, 356, 318}), 593)	[296, 2571, 356, 318] -->593	frozenset({296, 2571, 356, 318})	593	0.0007198683669271905	0.8421052631578947	11.698045112781953	0.8413853947909675	23
(frozenset({593, 2571, 356, 318}), 296)	[593, 2571, 356, 318] -->296	frozenset({593, 2571, 356, 318})	296	0.00195392842451666	0.8421052631578947	4.309806094182825	0.840151334733378	24
(frozenset({296, 593, 356, 318}), 2571)	[296, 593, 356, 318] -->2571	frozenset({296, 593, 356, 318})	2571	0.00010283833813245579	0.8421052631578947	81.88631578947367	0.8420024248197623	25
(frozenset({296, 593, 356}), 2571)	[296, 593, 356] -->2571	frozenset({296, 593, 356})	2571	0.00010283833813245579	0.84	81.68159999999999	0.8398971616618676	26
(frozenset({2571, 356, 2959}), 296)	[2571, 356, 2959] -->296	frozenset({2571, 356, 2959})	296	0.00195392842451666	0.8333333333333334	4.264912280701754	0.8313794049088167	27
(frozenset({296, 593, 2571, 2959}), 318)	[296, 593, 2571, 2959] -->318	frozenset({296, 593, 2571, 2959})	318	0.0008227067050596463	0.8333333333333334	10.129166666666666	0.8325106266282737	28
(frozenset({593, 2571, 356, 2959}), 318)	[593, 2571, 356, 2959] -->318	frozenset({593, 2571, 356, 2959})	318	0.0008227067050596463	0.8333333333333334	10.129166666666666	0.8325106266282737	29
(frozenset({296, 2571, 318}), 356)	[296, 2571, 318] -->356	frozenset({296, 2571, 318})	356	0.0015425750719868367	0.8260869565217391	5.3552463768115945	0.8245443814497523	30
(frozenset({356, 318, 2959}), 2571)	[356, 318, 2959] -->2571	frozenset({356, 318, 2959})	2571	0.00010283833813245579	0.8260869565217391	80.3286956521739	0.8259841181836067	31
(frozenset({593, 2571, 2959}), 318)	[593, 2571, 2959] -->318	frozenset({593, 2571, 2959})	318	0.0008227067050596463	0.8260869565217391	10.041086956521738	0.8252642498166795	32
(frozenset({296, 356, 318, 2959}), 593)	[296, 356, 318, 2959] -->593	frozenset({296, 356, 318, 2959})	593	0.0007198683669271905	0.8235294117647058	11.44	0.8228095433977787	33
(frozenset({593, 356, 318, 2959}), 296)	[593, 356, 318, 2959] -->296	frozenset({593, 356, 318, 2959})	296	0.00195392842451666	0.8235294117647058	4.214736842105263	0.8215754833401891	34
(frozenset({296, 593, 356, 2959}), 318)	[296, 593, 356, 2959] -->318	frozenset({296, 593, 356, 2959})	318	0.0008227067050596463	0.8235294117647058	10.009999999999998	0.8227067050596462	35
(frozenset({356, 2959}), 318)	[356, 2959] -->318	frozenset({356, 2959})	318	0.0008227067050596463	0.8214285714285714	9.984464285714285	0.8206058647235117	36
(frozenset({296, 2571, 2959}), 593)	[296, 2571, 2959] -->593	frozenset({296, 2571, 2959})	593	0.0007198683669271905	0.8181818181818182	11.365714285714287	0.8174619498148911	37
(frozenset({296, 2571}), 356)	[296, 2571] -->356	frozenset({296, 2571})	356	0.0015425750719868367	0.8125	5.267166666666667	0.8109574249280131	38
(frozenset({296, 2571}), 593)	[296, 2571] -->593	frozenset({296, 2571})	593	0.0007198683669271905	0.8125	11.286785714285713	0.8117801316330728	39
(frozenset({356, 296, 2571, 2959, 593}), 318)	[356, 296, 2571, 2959, 593] -->318	frozenset({356, 296, 2571, 2959, 593})	318	0.0008227067050596463	0.8125	9.8759375	0.8116772932949403	40
(frozenset({356, 296, 2571, 593, 318}), 2959)	[356, 296, 2571, 593, 318] -->2959	frozenset({356, 296, 2571, 593, 318})	2959	0.0016454134101192926	0.8125	4.93796875	0.8108545865898807	41
(frozenset({593, 2571, 356}), 296)	[593, 2571, 356] -->296	frozenset({593, 2571, 356})	296	0.00195392842451666	0.8076923076923077	4.133684210526315	0.805738379267791	42
(frozenset({296, 2571, 356}), 593)	[296, 2571, 356] -->593	frozenset({296, 2571, 356})	593	0.0007198683669271905	0.8076923076923077	11.22	0.8069724393253805	43
(frozenset({296, 593, 2571}), 356)	[296, 593, 2571] -->356	frozenset({296, 593, 2571})	356	0.0015425750719868367	0.8076923076923077	5.236000000000001	0.8061497326203209	44
(frozenset({593, 318, 2959}), 296)	[593, 318, 2959] -->296	frozenset({593, 318, 2959})	296	0.00195392842451666	0.8	4.094315789473685	0.7980460715754834	45
(frozenset({296, 593, 2571, 318}), 356)	[296, 593, 2571, 318] -->356	frozenset({296, 593, 2571, 318})	356	0.0015425750719868367	0.8	5.186133333333333	0.7984574249280132	46
(frozenset({296, 2571, 356, 2959}), 593)	[296, 2571, 356, 2959] -->593	frozenset({296, 2571, 356, 2959})	593	0.0007198683669271905	0.8	11.113142857142856	0.7992801316330729	47
(frozenset({296, 593}), 318)	[296, 593] -->318	frozenset({296, 593})	318	0.0008227067050596463	0.7941176470588235	9.652499999999998	0.7932949403537638	48
(frozenset({593, 2959}), 296)	[593, 2959] -->296	frozenset({593, 2959})	296	0.00195392842451666	0.7931034482758621	4.05901996370236	0.7911495198513454	49
(frozenset({593, 2959}), 2571)	[593, 2959] -->2571	frozenset({593, 2959})	2571	0.00010283833813245579	0.7931034482758621	77.12137931034482	0.7930006099377297	50
(frozenset({593, 356, 318}), 296)	[593, 356, 318] -->296	frozenset({593, 356, 318})	296	0.00195392842451666	0.7916666666666666	4.051666666666666	0.7897127382421499	51
(frozenset({296, 356, 318}), 593)	[296, 356, 318] -->593	frozenset({296, 356, 318})	593	0.0007198683669271905	0.7916666666666666	10.997380952380952	0.7909467982997395	52
(frozenset({296, 356, 318}), 2571)	[296, 356, 318] -->2571	frozenset({296, 356, 318})	2571	0.00010283833813245579	0.7916666666666666	76.98166666666665	0.7915638283285342	53
(frozenset({593, 356, 318}), 2571)	[593, 356, 318] -->2571	frozenset({593, 356, 318})	2571	0.00010283833813245579	0.7916666666666666	76.98166666666665	0.7915638283285342	54
(frozenset({2571, 356, 2959}), 318)	[2571, 356, 2959] -->318	frozenset({2571, 356, 2959})	318	0.0008227067050596463	0.7916666666666666	9.622708333333332	0.790843959961607	55
(frozenset({2571, 356, 318, 2959}), 296)	[2571, 356, 318, 2959] -->296	frozenset({2571, 356, 318, 2959})	296	0.00195392842451666	0.7894736842105263	4.040443213296399	0.7875197557860096	56
(frozenset({296, 2571, 356, 318}), 2959)	[296, 2571, 356, 318] -->2959	frozenset({296, 2571, 356, 318})	2959	0.0016454134101192926	0.7894736842105263	4.798026315789474	0.7878282708004071	57
(frozenset({593, 2571, 318, 2959}), 296)	[593, 2571, 318, 2959] -->296	frozenset({593, 2571, 318, 2959})	296	0.00195392842451666	0.7894736842105263	4.040443213296399	0.7875197557860096	58
(frozenset({2571, 356, 318, 2959}), 593)	[2571, 356, 318, 2959] -->593	frozenset({2571, 356, 318, 2959})	593	0.0007198683669271905	0.7894736842105263	10.966917293233083	0.7887538158435992	59
(frozenset({593, 2571, 318, 2959}), 356)	[593, 2571, 318, 2959] -->356	frozenset({593, 2571, 318, 2959})	356	0.0015425750719868367	0.7894736842105263	5.117894736842105	0.7879311091385395	60
(frozenset({593, 2571, 356, 318}), 2959)	[593, 2571, 356, 318] -->2959	frozenset({593, 2571, 356, 318})	2959	0.0016454134101192926	0.7894736842105263	4.798026315789474	0.7878282708004071	61
(frozenset({296, 356}), 2571)	[296, 356] -->2571	frozenset({296, 356})	2571	0.00010283833813245579	0.7878787878787878	76.61333333333333	0.7877759495406554	62
(frozenset({593, 356}), 2571)	[593, 356] -->2571	frozenset({593, 356})	2571	0.00010283833813245579	0.7878787878787878	76.61333333333333	0.7877759495406554	63
(frozenset({356, 2959}), 296)	[356, 2959] -->296	frozenset({356, 2959})	296	0.00195392842451666	0.7857142857142857	4.021203007518797	0.783760357289769	64
(frozenset({593, 2571, 2959}), 296)	[593, 2571, 2959] -->296	frozenset({593, 2571, 2959})	296	0.00195392842451666	0.782608695652174	4.005308924485126	0.7806547672276573	65
(frozenset({296, 593, 2959}), 2571)	[296, 593, 2959] -->2571	frozenset({296, 593, 2959})	2571	0.00010283833813245579	0.782608695652174	76.1008695652174	0.7825058573140415	66
(frozenset({593, 2571, 2959}), 356)	[593, 2571, 2959] -->356	frozenset({593, 2571, 2959})	356	0.0015425750719868367	0.782608695652174	5.073391304347826	0.7810661205801871	67
(frozenset({2571, 2959}), 318)	[2571, 2959] -->318	frozenset({2571, 2959})	318	0.0008227067050596463	0.78125	9.49609375	0.7804272932949403	68
(frozenset({296, 356, 2959}), 318)	[296, 356, 2959] -->318	frozenset({296, 356, 2959})	318	0.0008227067050596463	0.7727272727272727	9.392499999999998	0.771904566022213	69
(frozenset({296, 356, 2959}), 593)	[296, 356, 2959] -->593	frozenset({296, 356, 2959})	593	0.0007198683669271905	0.7727272727272727	10.734285714285713	0.7720074043603455	70
(frozenset({296, 2571, 2959}), 318)	[296, 2571, 2959] -->318	frozenset({296, 2571, 2959})	318	0.0008227067050596463	0.7727272727272727	9.392499999999998	0.771904566022213	71
(frozenset({296, 593, 2571}), 318)	[296, 593, 2571] -->318	frozenset({296, 593, 2571})	318	0.0008227067050596463	0.7692307692307693	9.35	0.7684080625257096	72
(frozenset({296, 2571, 356}), 2959)	[296, 2571, 356] -->2959	frozenset({296, 2571, 356})	2959	0.0016454134101192926	0.7692307692307693	4.675	0.76758535582065	73
(frozenset({296, 2959}), 318)	[296, 2959] -->318	frozenset({296, 2959})	318	0.0008227067050596463	0.7666666666666667	9.318833333333334	0.765843959961607	74
(frozenset({296, 2959}), 593)	[296, 2959] -->593	frozenset({296, 2959})	593	0.0007198683669271905	0.7666666666666667	10.65009523809524	0.7659467982997396	75
(frozenset({296, 593}), 2571)	[296, 593] -->2571	frozenset({296, 593})	2571	0.00010283833813245579	0.7647058823529411	74.35999999999999	0.7646030440148087	76
(frozenset({296, 593, 2571, 356}), 318)	[296, 593, 2571, 356] -->318	frozenset({296, 593, 2571, 356})	318	0.0008227067050596463	0.7619047619047619	9.26095238095238	0.7610820551997022	77
(frozenset({296, 593, 2571, 356}), 2959)	[296, 593, 2571, 356] -->2959	frozenset({296, 593, 2571, 356})	2959	0.0016454134101192926	0.7619047619047619	4.63047619047619	0.7602593484946426	78
(frozenset({296, 593, 356}), 318)	[296, 593, 356] -->318	frozenset({296, 593, 356})	318	0.0008227067050596463	0.76	9.2378	0.7591772932949403	79
(frozenset({2571, 356, 318}), 296)	[2571, 356, 318] -->296	frozenset({2571, 356, 318})	296	0.00195392842451666	0.76	3.8895999999999997	0.7580460715754833	80
(frozenset({2571, 356, 318}), 593)	[2571, 356, 318] -->593	frozenset({2571, 356, 318})	593	0.0007198683669271905	0.76	10.557485714285715	0.7592801316330728	81
(frozenset({2571, 318, 2959}), 356)	[2571, 318, 2959] -->356	frozenset({2571, 318, 2959})	356	0.0015425750719868367	0.76	4.926826666666667	0.7584574249280132	82
(frozenset({2571, 356, 318}), 2959)	[2571, 356, 318] -->2959	frozenset({2571, 356, 318})	2959	0.0016454134101192926	0.76	4.6189	0.7583545865898808	83
(frozenset({2571, 318, 2959}), 593)	[2571, 318, 2959] -->593	frozenset({2571, 318, 2959})	593	0.0007198683669271905	0.76	10.557485714285715	0.7592801316330728	84
(frozenset({593, 318, 2959}), 2571)	[593, 318, 2959] -->2571	frozenset({593, 318, 2959})	2571	0.00010283833813245579	0.76	73.9024	0.7598971616618676	85
(frozenset({593, 356}), 296)	[593, 356] -->296	frozenset({593, 356})	296	0.00195392842451666	0.7575757575757576	3.8771929824561404	0.7556218291512409	86
(frozenset({296, 356}), 593)	[296, 356] -->593	frozenset({296, 356})	593	0.0007198683669271905	0.7575757575757576	10.523809523809524	0.7568558892088304	87
(frozenset({356, 318}), 2571)	[356, 318] -->2571	frozenset({356, 318})	2571	0.00010283833813245579	0.7575757575757576	73.66666666666666	0.7574729192376252	88
(frozenset({593}), 2571)	[593] -->2571	frozenset({593})	2571	0.00010283833813245579	0.7551020408163265	73.42612244897958	0.7549992024781941	89
(frozenset({296, 318}), 356)	[296, 318] -->356	frozenset({296, 318})	356	0.0015425750719868367	0.75	4.862	0.7484574249280131	90
(frozenset({593, 318}), 296)	[593, 318] -->296	frozenset({593, 318})	296	0.00195392842451666	0.75	3.8384210526315785	0.7480460715754833	91
(frozenset({2571, 318}), 593)	[2571, 318] -->593	frozenset({2571, 318})	593	0.0007198683669271905	0.75	10.418571428571429	0.7492801316330728	92
(frozenset({593, 318}), 2571)	[593, 318] -->2571	frozenset({593, 318})	2571	0.00010283833813245579	0.75	72.93	0.7498971616618676	93
(frozenset({2571, 2959}), 356)	[2571, 2959] -->356	frozenset({2571, 2959})	356	0.0015425750719868367	0.75	4.862	0.7484574249280131	94
(frozenset({2571, 356, 2959}), 593)	[2571, 356, 2959] -->593	frozenset({2571, 356, 2959})	593	0.0007198683669271905	0.75	10.418571428571429	0.7492801316330728	95
(frozenset({296, 2571, 356, 2959}), 318)	[296, 2571, 356, 2959] -->318	frozenset({296, 2571, 356, 2959})	318	0.0008227067050596463	0.75	9.11625	0.7491772932949403	96
(frozenset({296, 593, 318, 2959}), 2571)	[296, 593, 318, 2959] -->2571	frozenset({296, 593, 318, 2959})	2571	0.00010283833813245579	0.75	72.93	0.7498971616618676	97
(frozenset({296, 593, 2571, 318}), 2959)	[296, 593, 2571, 318] -->2959	frozenset({296, 593, 2571, 318})	2959	0.0016454134101192926	0.75	4.558125	0.7483545865898807	98
(frozenset({2571, 356}), 296)	[2571, 356] -->296	frozenset({2571, 356})	296	0.00195392842451666	0.7428571428571429	3.8018646616541356	0.7409032144326262	99
(frozenset({2571, 356}), 593)	[2571, 356] -->593	frozenset({2571, 356})	593	0.0007198683669271905	0.7428571428571429	10.319346938775512	0.7421372744902157	100
(frozenset({593, 2571, 318}), 296)	[593, 2571, 318] -->296	frozenset({593, 2571, 318})	296	0.00195392842451666	0.7407407407407407	3.791033138401559	0.738786812316224	101
(frozenset({296, 593, 318}), 2571)	[296, 593, 318] -->2571	frozenset({296, 593, 318})	2571	0.00010283833813245579	0.7407407407407407	72.02962962962962	0.7406379024026083	102
(frozenset({296, 593, 318}), 2959)	[296, 593, 318] -->2959	frozenset({296, 593, 318})	2959	0.0016454134101192926	0.7407407407407407	4.5018518518518515	0.7390953273306214	103
(frozenset({2959}), 318)	[2959] -->318	frozenset({2959})	318	0.0008227067050596463	0.7391304347826086	8.984130434782607	0.738307728077549	104
(frozenset({356, 318, 2959}), 296)	[356, 318, 2959] -->296	frozenset({356, 318, 2959})	296	0.00195392842451666	0.7391304347826086	3.78279176201373	0.737176506358092	105
(frozenset({296, 318, 2959}), 356)	[296, 318, 2959] -->356	frozenset({296, 318, 2959})	356	0.0015425750719868367	0.7391304347826086	4.7915362318840575	0.7375878597106218	106
(frozenset({296, 593, 2959}), 356)	[296, 593, 2959] -->356	frozenset({296, 593, 2959})	356	0.0015425750719868367	0.7391304347826086	4.7915362318840575	0.7375878597106218	107
(frozenset({356, 318, 2959}), 593)	[356, 318, 2959] -->593	frozenset({356, 318, 2959})	593	0.0007198683669271905	0.7391304347826086	10.267577639751552	0.7384105664156815	108
(frozenset({296, 318, 2959}), 2571)	[296, 318, 2959] -->2571	frozenset({296, 318, 2959})	2571	0.00010283833813245579	0.7391304347826086	71.87304347826085	0.7390275964444762	109
(frozenset({296, 2571, 318}), 2959)	[296, 2571, 318] -->2959	frozenset({296, 2571, 318})	2959	0.0016454134101192926	0.7391304347826086	4.492065217391303	0.7374850213724894	110
(frozenset({296, 593, 356, 318}), 2959)	[296, 593, 356, 318] -->2959	frozenset({296, 593, 356, 318})	2959	0.0016454134101192926	0.7368421052631579	4.4781578947368414	0.7351966918530386	111
(frozenset({296, 593}), 356)	[296, 593] -->356	frozenset({296, 593})	356	0.0015425750719868367	0.7352941176470589	4.766666666666667	0.733751542575072	112
(frozenset({318, 2959}), 593)	[318, 2959] -->593	frozenset({318, 2959})	593	0.0007198683669271905	0.7352941176470589	10.214285714285715	0.7345742492801317	113
(frozenset({318, 2959}), 2571)	[318, 2959] -->2571	frozenset({318, 2959})	2571	0.00010283833813245579	0.7352941176470589	71.5	0.7351912793089265	114
(frozenset({593}), 318)	[593] -->318	frozenset({593})	318	0.0008227067050596463	0.7346938775510204	8.930204081632652	0.7338711708459608	115
(frozenset({296, 2959}), 356)	[296, 2959] -->356	frozenset({296, 2959})	356	0.0015425750719868367	0.7333333333333333	4.753955555555555	0.7317907582613464	116
(frozenset({296, 2959}), 2571)	[296, 2959] -->2571	frozenset({296, 2959})	2571	0.00010283833813245579	0.7333333333333333	71.30933333333333	0.7332304949952009	117
(frozenset({296, 2571, 356}), 318)	[296, 2571, 356] -->318	frozenset({296, 2571, 356})	318	0.0008227067050596463	0.7307692307692307	8.882499999999999	0.729946524064171	118
(frozenset({593, 2571, 356}), 318)	[593, 2571, 356] -->318	frozenset({593, 2571, 356})	318	0.0008227067050596463	0.7307692307692307	8.882499999999999	0.729946524064171	119
(frozenset({593, 2571}), 318)	[593, 2571] -->318	frozenset({593, 2571})	318	0.0008227067050596463	0.7297297297297297	8.869864864864864	0.72890702302467	120
(frozenset({356, 318}), 296)	[356, 318] -->296	frozenset({356, 318})	296	0.00195392842451666	0.7272727272727273	3.7221052631578946	0.7253187988482106	121
(frozenset({296, 356}), 318)	[296, 356] -->318	frozenset({296, 356})	318	0.0008227067050596463	0.7272727272727273	8.84	0.7264500205676676	122
(frozenset({356, 318}), 593)	[356, 318] -->593	frozenset({356, 318})	593	0.0007198683669271905	0.7272727272727273	10.102857142857143	0.7265528589058001	123
(frozenset({593, 356}), 318)	[593, 356] -->318	frozenset({593, 356})	318	0.0008227067050596463	0.7272727272727273	8.84	0.7264500205676676	124
(frozenset({296}), 593)	[296] -->593	frozenset({296})	593	0.0007198683669271905	0.723404255319149	10.049118541033435	0.7226843869522218	125
(frozenset({296, 318}), 2571)	[296, 318] -->2571	frozenset({296, 318})	2571	0.00010283833813245579	0.71875	69.89125	0.7186471616618676	126
(frozenset({296, 2571}), 318)	[296, 2571] -->318	frozenset({296, 2571})	318	0.0008227067050596463	0.71875	8.73640625	0.7179272932949403	127
(frozenset({296, 318}), 2959)	[296, 318] -->2959	frozenset({296, 318})	2959	0.0016454134101192926	0.71875	4.368203125	0.7171045865898807	128
(frozenset({2571, 2959}), 593)	[2571, 2959] -->593	frozenset({2571, 2959})	593	0.0007198683669271905	0.71875	9.984464285714285	0.7180301316330728	129
(frozenset({356}), 2571)	[356] -->2571	frozenset({356})	2571	0.00010283833813245579	0.7142857142857143	69.45714285714286	0.7141828759475819	130
(frozenset({2571, 356}), 318)	[2571, 356] -->318	frozenset({2571, 356})	318	0.0008227067050596463	0.7142857142857143	8.682142857142857	0.7134630075806546	131
(frozenset({356, 2959}), 593)	[356, 2959] -->593	frozenset({356, 2959})	593	0.0007198683669271905	0.7142857142857143	9.922448979591836	0.7135658459187871	132
(frozenset({296, 356, 318}), 2959)	[296, 356, 318] -->2959	frozenset({296, 356, 318})	2959	0.0016454134101192926	0.7083333333333334	4.304895833333333	0.7066879199232141	133
(frozenset({593, 356, 318}), 2959)	[593, 356, 318] -->2959	frozenset({593, 356, 318})	2959	0.0016454134101192926	0.7083333333333334	4.304895833333333	0.7066879199232141	134
(frozenset({318}), 593)	[318] -->593	frozenset({318})	593	0.0007198683669271905	0.7058823529411765	9.805714285714286	0.7051624845742493	135
(frozenset({318}), 2571)	[318] -->2571	frozenset({318})	2571	0.00010283833813245579	0.7058823529411765	68.64	0.7057795146030441	136
(frozenset({296, 593, 318}), 356)	[296, 593, 318] -->356	frozenset({296, 593, 318})	356	0.0015425750719868367	0.7037037037037037	4.561876543209877	0.7021611286317169	137
(frozenset({593, 2571, 318}), 356)	[593, 2571, 318] -->356	frozenset({593, 2571, 318})	356	0.0015425750719868367	0.7037037037037037	4.561876543209877	0.7021611286317169	138
(frozenset({593, 2571, 318}), 2959)	[593, 2571, 318] -->2959	frozenset({593, 2571, 318})	2959	0.0016454134101192926	0.7037037037037037	4.27675925925926	0.7020582902935845	139
(frozenset({593, 2571}), 296)	[593, 2571] -->296	frozenset({593, 2571})	296	0.00195392842451666	0.7027027027027027	3.596358463726885	0.700748774278186	140
(frozenset({593, 2571}), 356)	[593, 2571] -->356	frozenset({593, 2571})	356	0.0015425750719868367	0.7027027027027027	4.555387387387388	0.7011601276307159	141
(frozenset({296}), 356)	[296] -->356	frozenset({296})	356	0.0015425750719868367	0.7021276595744681	4.5516595744680854	0.7005850845024812	142
(frozenset({296, 593, 318, 2959}), 356)	[296, 593, 318, 2959] -->356	frozenset({296, 593, 318, 2959})	356	0.0015425750719868367	0.7	4.537866666666666	0.6984574249280131	143
(frozenset({356, 318}), 2959)	[356, 318] -->2959	frozenset({356, 318})	2959	0.0016454134101192926	0.696969696969697	4.235833333333333	0.6953242835595778	144
(frozenset({2959}), 2571)	[2959] -->2571	frozenset({2959})	2571	0.00010283833813245579	0.6956521739130435	67.64521739130434	0.695549335574911	145
(frozenset({2571, 318}), 356)	[2571, 318] -->356	frozenset({2571, 318})	356	0.0015425750719868367	0.6944444444444444	4.5018518518518515	0.6929018693724576	146
(frozenset({593, 318}), 2959)	[593, 318] -->2959	frozenset({593, 318})	2959	0.0016454134101192926	0.6944444444444444	4.220486111111111	0.6927990310343252	147
(frozenset({2571, 318}), 2959)	[2571, 318] -->2959	frozenset({2571, 318})	2959	0.0016454134101192926	0.6944444444444444	4.220486111111111	0.6927990310343252	148
(frozenset({593}), 296)	[593] -->296	frozenset({593})	296	0.00195392842451666	0.6938775510204082	3.5511922663802364	0.6919236225958915	149
(frozenset({296, 593, 2571}), 2959)	[296, 593, 2571] -->2959	frozenset({296, 593, 2571})	2959	0.0016454134101192926	0.6923076923076923	4.2075	0.690662278897573	150
(frozenset({593, 2571, 356}), 2959)	[593, 2571, 356] -->2959	frozenset({593, 2571, 356})	2959	0.0016454134101192926	0.6923076923076923	4.2075	0.690662278897573	151
(frozenset({593, 2959}), 356)	[593, 2959] -->356	frozenset({593, 2959})	356	0.0015425750719868367	0.6896551724137931	4.47080459770115	0.6881125973418063	152
(frozenset({2571, 2959}), 296)	[2571, 2959] -->296	frozenset({2571, 2959})	296	0.00195392842451666	0.6875	3.5185526315789475	0.6855460715754833	153
(frozenset({296, 2571}), 2959)	[296, 2571] -->2959	frozenset({296, 2571})	2959	0.0016454134101192926	0.6875	4.17828125	0.6858545865898807	154
(frozenset({2571, 356}), 2959)	[2571, 356] -->2959	frozenset({2571, 356})	2959	0.0016454134101192926	0.6857142857142857	4.167428571428571	0.6840688723041665	155
(frozenset({2571}), 593)	[2571] -->593	frozenset({2571})	593	0.0007198683669271905	0.6851851851851852	9.518201058201058	0.6844653168182581	156
(frozenset({296}), 318)	[296] -->318	frozenset({296})	318	0.0008227067050596463	0.6808510638297872	8.275744680851064	0.6800283571247275	157
(frozenset({296}), 2571)	[296] -->2571	frozenset({296})	2571	0.00010283833813245579	0.6808510638297872	66.20595744680851	0.6807482254916548	158
(frozenset({296, 593, 356}), 2959)	[296, 593, 356] -->2959	frozenset({296, 593, 356})	2959	0.0016454134101192926	0.68	4.1327	0.6783545865898808	159
(frozenset({593, 318, 2959}), 356)	[593, 318, 2959] -->356	frozenset({593, 318, 2959})	356	0.0015425750719868367	0.68	4.408213333333333	0.6784574249280132	160
(frozenset({2571, 318, 2959}), 296)	[2571, 318, 2959] -->296	frozenset({2571, 318, 2959})	296	0.00195392842451666	0.68	3.4801684210526314	0.6780460715754834	161
(frozenset({318, 2959}), 296)	[318, 2959] -->296	frozenset({318, 2959})	296	0.00195392842451666	0.6764705882352942	3.462105263157895	0.6745166598107775	162
(frozenset({296, 593}), 2959)	[296, 593] -->2959	frozenset({296, 593})	2959	0.0016454134101192926	0.6764705882352942	4.11125	0.6748251748251749	163
(frozenset({318, 2959}), 356)	[318, 2959] -->356	frozenset({318, 2959})	356	0.0015425750719868367	0.6764705882352942	4.3853333333333335	0.6749280131633073	164
(frozenset({356}), 296)	[356] -->296	frozenset({356})	296	0.00195392842451666	0.673469387755102	3.4467454350161115	0.6715154593305853	165
(frozenset({356}), 318)	[356] -->318	frozenset({356})	318	0.0008227067050596463	0.673469387755102	8.186020408163266	0.6726466810500423	166
(frozenset({356}), 593)	[356] -->593	frozenset({356})	593	0.0007198683669271905	0.673469387755102	9.35545189504373	0.6727495193881748	167
(frozenset({593}), 356)	[593] -->356	frozenset({593})	356	0.0015425750719868367	0.673469387755102	4.365877551020408	0.6719268126831152	168
(frozenset({2571}), 318)	[2571] -->318	frozenset({2571})	318	0.0008227067050596463	0.6666666666666666	8.103333333333332	0.665843959961607	169
(frozenset({318}), 2959)	[318] -->2959	frozenset({318})	2959	0.0016454134101192926	0.6666666666666666	4.051666666666666	0.6650212532565474	170
(frozenset({593, 318}), 356)	[593, 318] -->356	frozenset({593, 318})	356	0.0015425750719868367	0.6666666666666666	4.321777777777777	0.6651240915946798	171
(frozenset({296, 356}), 2959)	[296, 356] -->2959	frozenset({296, 356})	2959	0.0016454134101192926	0.6666666666666666	4.051666666666666	0.6650212532565474	172
(frozenset({2959}), 296)	[2959] -->296	frozenset({2959})	296	0.00195392842451666	0.6521739130434783	3.337757437070938	0.6502199846189616	173
(frozenset({2571}), 356)	[2571] -->356	frozenset({2571})	356	0.0015425750719868367	0.6481481481481481	4.201728395061728	0.6466055730761613	174
(frozenset({318}), 356)	[318] -->356	frozenset({318})	356	0.0015425750719868367	0.6470588235294118	4.1946666666666665	0.645516248457425	175
(frozenset({2571, 318}), 296)	[2571, 318] -->296	frozenset({2571, 318})	296	0.00195392842451666	0.6388888888888888	3.2697660818713445	0.6369349604643721	176
(frozenset({296}), 2959)	[296] -->2959	frozenset({296})	2959	0.0016454134101192926	0.6382978723404256	3.8792553191489363	0.6366524589303063	177
(frozenset({2959}), 593)	[2959] -->593	frozenset({2959})	593	0.0007198683669271905	0.6304347826086957	8.757639751552794	0.6297149142417685	178
(frozenset({318}), 296)	[318] -->296	frozenset({318})	296	0.00195392842451666	0.6274509803921569	3.2112280701754385	0.6254970519676402	179
(frozenset({593, 2571}), 2959)	[593, 2571] -->2959	frozenset({593, 2571})	2959	0.0016454134101192926	0.6216216216216216	3.7779054054054053	0.6199762082115023	180
(frozenset({2959}), 356)	[2959] -->356	frozenset({2959})	356	0.0015425750719868367	0.6086956521739131	3.945971014492754	0.6071530771019262	181
(frozenset({593, 356}), 2959)	[593, 356] -->2959	frozenset({593, 356})	2959	0.0016454134101192926	0.6060606060606061	3.683333333333333	0.6044151926504868	182
(frozenset({2571}), 296)	[2571] -->296	frozenset({2571})	296	0.00195392842451666	0.5925925925925926	3.0328265107212475	0.5906386641680759	183
(frozenset({2571}), 2959)	[2571] -->2959	frozenset({2571})	2959	0.0016454134101192926	0.5925925925925926	3.601481481481481	0.5909471791824733	184
(frozenset({593}), 2959)	[593] -->2959	frozenset({593})	2959	0.0016454134101192926	0.5918367346938775	3.59688775510204	0.5901913212837583	185
(frozenset(), 2571)	[] -->2571	frozenset()	2571	0.00010283833813245579	0.574468085106383	55.861276595744684	0.5743652467682506	186
(frozenset({356}), 2959)	[356] -->2959	frozenset({356})	2959	0.0016454134101192926	0.5714285714285714	3.4728571428571424	0.5697831580184521	187
(frozenset(), 318)	[] -->318	frozenset()	318	0.0008227067050596463	0.5425531914893617	6.594734042553191	0.541730484784302	188
(frozenset(), 356)	[] -->356	frozenset()	356	0.0015425750719868367	0.5212765957446809	3.379262411347518	0.519734020672694	189
(frozenset(), 593)	[] -->593	frozenset()	593	0.0007198683669271905	0.5212765957446809	7.241276595744681	0.5205567273777537	190
(frozenset(), 296)	[] -->296	frozenset()	296	0.00195392842451666	0.5	2.5589473684210526	0.49804607157548336	191
(frozenset(), 2959)	[] -->2959	frozenset()	2959	0.0016454134101192926	0.48936170212765956	2.9740957446808505	0.48771628871754025	192
